Rank (Change) arrow_drop_up arrow_drop_down	URL arrow_drop_up arrow_drop_down	Domain arrow_drop_up arrow_drop_down	arrow_drop_up arrow_drop_down Domain Strength	arrow_drop_up arrow_drop_down Est. Mo. Clicks	
1 remove	https://puzzel.org/en/features/general/picture-puzzle-maker Picture Puzzle Maker	puzzel.org x2	37	44	more_vert
					
2 remove	=IMAGE("https://www.puzzleyou.com/photo-puzzle-1000-pieces 1000-piece Custom Photo Puzzle (32-inch) - puzzleYOU")	puzzleyou.com x2	41	24	more_vert
					
3 remove	https://im-a-puzzle.com/blog/turn-a-picture-into-a-puzzle Turn a picture into a puzzle	im-a-puzzle.com x2	39	16	more_vert
					
4 2 arrow_downward	=IMAGE("https://www.puzzleyou.com/photo-puzzle Photo puzzle with up to 2000 pieces - puzzleYOU")	puzzleyou.com x2	41	12	more_vert
					
5 1 arrow_downward	=IMAGE("https://online.visual-paradigm.com/photo-effects-studio/puzzle-effect-tool/ Puzzle Effect Tool")	visual-paradigm.com	53	9	more_vert
					
6 1 arrow_upward	https://printerpix.com/turn-a-picture-into-a-puzzle/ Turn A Picture Into A Puzzle	printerpix.com x2	49	8	more_vert
					
7 2 arrow_upward	https://www.shutterfly.com/t/puzzles/ Photo Puzzles | Make Custom Jigsaw Puzzles	shutterfly.com x2	57	7	more_vert
					
8 2 arrow_upward	=IMAGE("https://www.canvaschamp.com/photo-puzzles Photo Puzzles | Custom Jigsaw Puzzles Up to 1000 Pieces")	canvaschamp.com	51	6	more_vert
					
9 1 arrow_downward	=IMAGE("https://www.youtube.com/watch?v=-UrLcQG2S_Y Turn photo into jigsaw puzzles Canva tutorial | Puzzle effect in ...")	youtube.com x8	81	5	more_vert
					
10 1 arrow_upward	https://www.amazon.com/Puzzles-Made-Photographs/s?k=Puzzles+Made+from+Photographs Puzzles Made From Photographs	amazon.com x2	72	5	more_vert
					
11 6 arrow_downward	https://www.reddit.com/r/Woodworkingplans/comments/o16i3c/website_to_turn_pictures_into_jigsaw_puzzles/ Website to turn pictures into jigsaw puzzles	reddit.com	77	4	more_vert
					
12 12 arrow_upward	=IMAGE("https://makeyourpuzzles.com/pages/turn-photo-into-puzzle Turn Photo Into Puzzle Guide")	makeyourpuzzles.com x2	39	4	more_vert
					
13 5 arrow_downward	=IMAGE("https://www.youtube.com/watch?v=JewjwWvEoWY Any photo into a jigsaw puzzle - Photoshop - Week 21")	youtube.com x8	81	4	more_vert
					
14 3 arrow_upward	=IMAGE("https://play.google.com/store/apps/details?id=com.games4mind.photopuzzle&hl=en_US PhotoPuzzle with your photos - Apps on Google Play")	google.com x3	70	3	more_vert
					
15 6 arrow_downward	https://www.shutterfly.com/ideas/make-your-own-custom-puzzle-from-a-picture/ Make Your Own Custom Puzzle From a Picture	shutterfly.com x2	57	3	more_vert
					
16 8 arrow_downward	https://www.youtube.com/watch?v=hIv8tyQMHDc Break a Photo into Puzzle Pieces [PowerPoint Trick]	youtube.com x8	81	3	more_vert
					
17 1 arrow_upward	=IMAGE("https://photooxy.com/art-effects/turn-any-photo-into-a-jigsaw-puzzle-358.html Turn any photo into a jigsaw puzzle")	photooxy.com	31	3	more_vert
					
18 45 arrow_upward	=IMAGE("https://learningthroughplay.com/let-s-play/photo-puzzle Photo Puzzle")	learningthroughplay.com	39	3	more_vert
					
19 14 arrow_upward	=IMAGE("https://bighugelabs.com/jigsaw.php Create jigsaw puzzles from your photos.")	bighugelabs.com	40	3	more_vert
					
20 12 arrow_downward	https://www.youtube.com/watch?v=bPVn01b1cIE How To Transform Your Photos into Jigsaw Puzzles with ...	youtube.com x8	81	2	more_vert
					
21 2 arrow_downward	=IMAGE("https://photos3.walmart.com/category/62-photo-puzzles Custom Jigsaw Puzzles")	walmart.com	72	2	more_vert
					
22 7 arrow_upward	https://www.portraitpuzzles.com/ Portrait Puzzles: Custom Photo Jigsaw Puzzles	portraitpuzzles.com x2	38	2	more_vert
					
23 8 arrow_downward	=IMAGE("https://apps.apple.com/us/app/puzzle-from-photo/id1112235847 Puzzle From Photo 4+ - App Store")	apple.com x2	71	2	more_vert
					
24 remove	https://makeyourpuzzles.com/ Custom Jigsaw Puzzles: Make Your Own Puzzle	makeyourpuzzles.com x2	39	2	more_vert
					
25 1 arrow_downward	https://jixipix.com/puzzipix-pro/details.html PuzziPix Pro	jixipix.com	31	2	more_vert
					
26 4 arrow_downward	=IMAGE("https://www.snapfish.com/photo-puzzles Photo Puzzles | Custom Jigsaw Puzzles")	snapfish.com x2	54	2	more_vert
					
27 20 arrow_downward	=IMAGE("https://www.printerpix.com/make-a-puzzle-from-a-photo/ Make A Puzzle From A Photo")	printerpix.com x2	49	2	more_vert
					
28 3 arrow_downward	https://www.createjigsawpuzzles.com/promotional/custom-puzzle-maker.html Jigsaw Puzzle Maker to Turn Photo into Puzzle	createjigsawpuzzles.com x2	41	2	more_vert
					
29 24 arrow_upward	https://www.yeschat.ai/gpts-2OTocFzgTw-Image-Puzzle Image Puzzle-Free AI-Powered Puzzle Maker	yeschat.ai	52	2	more_vert
					
30 17 arrow_downward	=IMAGE("https://www.epuzzle.info/en/puzzle-from-photo Create your own photo puzzle for free on ePuzzle")	epuzzle.info	34	2	more_vert
					
31 remove	https://www.wikihow.com/Turn-a-Photo-Into-a-Puzzle How to Turn a Photo Into a Puzzle: 6 Steps (with Pictures)	wikihow.com	65	2	more_vert
					
32 7 arrow_upward	=IMAGE("https://www.picturetopeople.org/image_effects/photo-jigsaw-puzzle/jigsaw-puzzle-photo-effect-generator.html Jigsaw Puzzle Photo Effect Generator")	picturetopeople.org	36	2	more_vert
					
33 2 arrow_downward	=IMAGE("https://mindthepuzzle.com/puzzles/create-a-puzzle-from-a-photo 7 Ways to Create a Puzzle from a Photo - MindthePuzzle")	mindthepuzzle.com	31	1	more_vert
					
34 26 arrow_downward	https://www.youtube.com/watch?v=n2EHpfmh4P8 Turn a Picture into Puzzle Pieces in PowerPoint	youtube.com x8	81	1	more_vert
					
35 7 arrow_upward	=IMAGE("https://modpodgerocksblog.com/make-a-photo-puzzle/ How to Make a Custom Photo Puzzle")	modpodgerocksblog.com	47	1	more_vert
					
36 38 arrow_upward	=IMAGE("https://www.meijerphoto.com/gifts/puzzles Make a Puzzle From A Picture")	meijerphoto.com	47	1	more_vert
					
37 11 arrow_upward	=IMAGE("https://www.myravensburger.com/en/1000-piece-photo-jigsaw/ 1000 piece photo puzzle - Create your own picture ...")	myravensburger.com x2	38	1	more_vert
					
38 17 arrow_downward	https://forum.affinity.serif.com/index.php?/topic/187762-how-to-turn-a-picture-into-a-puzzle/ How to turn a picture into a puzzle?	serif.com	53	1	more_vert
					
39 6 arrow_upward	=IMAGE("https://photo.walgreens.com/store/custom-puzzle-details 10x14 Custom Photo Puzzle - 252 Piece")	walgreens.com	62	1	more_vert
					
40 11 arrow_downward	=IMAGE("https://www.portraitpuzzles.com/custom-photo-puzzle-sizes/ Choose Your Custom Photo Puzzle Size")	portraitpuzzles.com x2	38	1	more_vert
					
41 14 arrow_upward	=IMAGE("https://puzzleondemand.com/photo-jigsaw Photo Jigsaw. Picture Puzzle UK. Photo Made into Jigsaw")	puzzleondemand.com	36	1	more_vert
					
42 17 arrow_downward	https://www.createjigsawpuzzles.com/ Custom Jigsaw Puzzles Photo Printing Manufacturer	createjigsawpuzzles.com x2	41	1	more_vert
					
43 14 arrow_upward	https://puzzlesprint.com/ Jigsaw Puzzle Maker ✔️ Create a Puzzle ✔️ We Print ...	puzzlesprint.com x2	38	1	more_vert
					
44 41 arrow_downward	https://im-a-puzzle.com/ Free Online Jigsaw Puzzles	im-a-puzzle.com x2	39	1	more_vert
					
45 37 arrow_downward	=IMAGE("https://www.youtube.com/watch?v=75QceerYJ4M Turn photo into jigsaw puzzles in Canva | Puzzle Effect")	youtube.com x8	81	1	more_vert
					
46 6 arrow_downward	=IMAGE("https://customphotoprints.fedex.com/puzzles Puzzles - Custom Photo Prints")	fedex.com	60	1	more_vert
					
47 5 arrow_upward	=IMAGE("https://www.canvaschamp.in/photo-puzzles Custom Photo Puzzles - CanvasChamp India's")	canvaschamp.in	33	1	more_vert
					
48 47 arrow_downward	https://puzzel.org/en/features/create-jigsaw-puzzle Create jigsaw puzzle - Online, Free and interactive	puzzel.org x2	37	1	more_vert
					
49 11 arrow_upward	=IMAGE("https://www.staples.com/services/printing/photo-gifts/photo-puzzles/ Create Your Own Custom Photo Puzzle")	staples.com	62	1	more_vert
					
50 6 arrow_downward	https://www.dailyjigsawpuzzles.net/puzzle-maker.html Jigsaw Puzzle Maker	dailyjigsawpuzzles.net	33	1	more_vert
					
51 10 arrow_upward	https://canvasprints.com/pages/turn-a-picture-into-a-puzzle-free-online Turn A Picture Into A Puzzle Free Online	canvasprints.com x2	47	1	more_vert
					
52 7 arrow_upward	https://www.canva.com/templates/s/puzzle/ Free editable puzzle templates	canva.com	63	1	more_vert
					
53 2 arrow_downward	=IMAGE("https://www.photofunny.net/cat-special/photomontage_puzzle Photomontage to turn your photo into a puzzle")	photofunny.net	38	1	more_vert
					
54 48 arrow_downward	https://www.qualityimprint.com/blogs/promotional-product-ideas/how-do-you-take-a-picture-and-make-it-into-a-puzzle How Do You Take a Picture and Make It into a Puzzle?	qualityimprint.com x2	49	1	more_vert
					
55 7 arrow_downward	=IMAGE("https://www.myravensburger.com/en/photo-jigsaw/ Design your very own photo jigsaw for even more puzzle fun")	myravensburger.com x2	38	1	more_vert
					
56 11 arrow_upward	https://www.puzzlegenerator.ai/ PuzzleGenerator.ai: Create Custom Jigsaw Puzzles Online	puzzlegenerator.ai	26	1	more_vert
					
57 18 arrow_upward	https://boardwalkpuzzles.com/collections/custom-image-wooden-puzzles Custom Jigsaw Puzzles | Dowdle	boardwalkpuzzles.com	41	1	more_vert
					
58 8 arrow_downward	https://www.ravensburger.us/en-US/products/personalized-gifts Custom Jigsaw Puzzles	ravensburger.us	44	1	more_vert
					
59 51 arrow_downward	https://www.youtube.com/watch?v=YPzSpljK4RU Turn Your Photo Into Jigsaw Puzzle using Canva | Jigsaw ...	youtube.com x8	81	1	more_vert
					
60 21 arrow_upward	https://mobilityware.helpshift.com/hc/en/9-jigsaw-puzzle/faq/426-what-is-create-your-own-puzzle/?s=gameplay-settings What is Create Your Own Puzzle?	helpshift.com x2	51	1	more_vert
					
61 17 arrow_upward	https://www.instructables.com/Making-of-Puzzle-With-Photoshop/ Making of Puzzle With Photoshop : 5 Steps	instructables.com x2	62	1	more_vert
					
62 15 arrow_downward	=IMAGE("https://www.bootsphoto.ie/photo-gifts/personalised-jigsaws.html Personalised Jigsaws | Create A Photo Puzzle | Boots ...")	bootsphoto.ie	33	1	more_vert
					
63 25 arrow_downward	=IMAGE("https://www.venuspuzzle.com/article/how-to-choose-the-best-photo-for-puzzle How To Choose The Best Photo For Puzzle")	venuspuzzle.com	38	1	more_vert
					
64 9 arrow_upward	=IMAGE("https://learn.corel.com/tutorials/how-to-make-a-puzzle-from-a-photo/ How to make a puzzle from a photo")	corel.com	49	1	more_vert
					
65 16 arrow_downward	=IMAGE("https://themissingpiecepuzzle.com/blogs/jigsaw-puzzle-talk/photo-choice-for-custom-puzzle Choosing A Photograph For A Custom Puzzle")	themissingpiecepuzzle.com	39	1	more_vert
					
66 24 arrow_upward	https://www.posterburner.com/CustomPuzzles Turn any Picture into a Custom Personalized Puzzle	posterburner.com	44	1	more_vert
					
67 20 arrow_upward	https://interacty.me/products/puzzle Create Puzzle for Free	interacty.me	40	1	more_vert
					
68 2 arrow_upward	=IMAGE("https://www.bagsoflove.com/custom-photo-puzzle Custom Photo Puzzle. Photo Jigsaw Puzzles. Handmade.")	bagsoflove.com	50	1	more_vert
					
69 23 arrow_downward	https://www.printerstudio.com/unique-ideas/magnetic-puzzles.html Magnetic Photo Jigsaw Puzzles	printerstudio.com	47	1	more_vert
					
70 8 arrow_downward	=IMAGE("https://www.vistaprint.com/photo-gifts/puzzles Custom Puzzles: Make Your Own Picture Puzzle")	vistaprint.com	59	1	more_vert
					
71 10 arrow_downward	=IMAGE("https://canvasprints.com/pages/turn-a-photo-into-a-puzzle Turn A Photo Into A Puzzle")	canvasprints.com x2	47	1	more_vert
					
72 7 arrow_upward	=IMAGE("https://shop.staplescopyandprint.ca/products/photo-puzzle Photo Puzzle")	staplescopyandprint.ca	43	1	more_vert
					
73 51 arrow_downward	=IMAGE("https://www.snapfish.com/kids-photo-puzzles 30-Piece Photo Puzzles for Kids")	snapfish.com x2	54	1	more_vert
					
74 24 arrow_upward	https://github.com/plasmoapp/jigsaw-bot plasmoapp/jigsaw-bot	github.com	67	1	more_vert
					
75 64 arrow_downward	=IMAGE("https://www.amazon.com/photo-puzzles-personalized/s?k=photo+puzzles+personalized Photo Puzzles Personalized")	amazon.com x2	72	1	more_vert
					
76 70 arrow_downward	=IMAGE("https://www.qualityimprint.com/blogs/promotional-product-ideas/how-to-get-a-photo-made-into-a-puzzle How to Get a Photo Made into a Puzzle?")	qualityimprint.com x2	49	1	more_vert
					
77 12 arrow_upward	=IMAGE("https://www.photoshopessentials.com/photo-effects/photoshop-puzzle/ Photoshop Puzzle Effect")	photoshopessentials.com	49	1	more_vert
					
78 3 arrow_upward	https://mobilityware.helpshift.com/hc/pt/9-jigsaw-puzzle/faq/4417-what-is-create-your-own-puzzle-android/ What is Create Your Own Puzzle? (Android)	helpshift.com x2	51	1	more_vert
					
79 71 arrow_downward	https://www.youtube.com/watch?v=fjnaTqeQtHA Turn Photo into Puzzle Digital Products to Sell on Etsy Canva ...	youtube.com x8	81	1	more_vert
					
80 23 arrow_downward	=IMAGE("https://puzzlesprint.com/photo-collage/ Photo Collage – Make a Puzzle With Multiple Photos")	puzzlesprint.com x2	38	1	more_vert
					
81 9 arrow_downward	https://fineartamerica.com/custom/create-custom-puzzles Design Your Own Custom Puzzles	fineartamerica.com	57	1	more_vert
					
82 26 arrow_downward	https://www.etsy.com/market/picture_into_puzzle Picture Into Puzzle	etsy.com	70	1	more_vert
					
83 14 arrow_downward	https://www.facebook.com/MakeYourOwnPuzzle/ Make Your Own Puzzle	facebook.com	78	1	more_vert
					
84 67 arrow_downward	https://play.google.com/store/apps/details?id=com.panagola.game.pictris&hl=en_US Photo Puzzle - Apps on Google Play	google.com x3	70	1	more_vert
					
85 5 arrow_downward	=IMAGE("https://www.photobox.co.uk/personalised-jigsaw Personalised Jigsaw | Make a Custom Puzzle from a Photo")	photobox.co.uk	42	1	more_vert
					
86 17 arrow_downward	https://www.classpoint.io/blog/powerpoint-puzzle-template Interactive PowerPoint Puzzle Template And 5-Step Tutorial	classpoint.io	43	1	more_vert
					
87 10 arrow_downward	=IMAGE("https://www.bootsphoto.com/photo-gifts/personalised-jigsaws.html Personalised Jigsaws | Create A Photo Puzzle")	bootsphoto.com	41	1	more_vert
					
88 69 arrow_downward	https://www.puzzletwist.com/ PuzzleTwist® - Jigsaw Puzzles with a Twist!	puzzletwist.com	36	1	more_vert
					
89 19 arrow_downward	https://blog.iconlogic.com/weblog/2012/03/powerpoint-2007-2010-how-to-turn-an-image-into-an-animated-puzzle.html PowerPoint 2007 & 2010: How to Turn an Image Into ...	iconlogic.com	41	1	more_vert
					
90 12 arrow_downward	https://www.instructables.com/Make-Your-Own-Puzzle/ Make Your Own Puzzle : 4 Steps (with Pictures)	instructables.com x2	62	1	more_vert
					
91 29 arrow_downward	=IMAGE("https://www.my-picture.co.uk/photo-gifts/personalised-photo-puzzle.jsf Personalised Jigsaw 74% OFF: Photo Puzzle")	my-picture.co.uk	38	1	more_vert
					
92 13 arrow_downward	https://portlandpuzzle.com/ Portland Puzzle Company: Create Your Own Custom Puzzle	portlandpuzzle.com	33	1	more_vert
					
93 1 arrow_upward	=IMAGE("https://www.pixum.pt/photo-gifts/fun-games/photo-puzzle design your own photo jigsaw puzzle")	pixum.pt	31	1	more_vert
					
94 21 arrow_downward	https://support.glowforge.com/hc/en-us/articles/1260804017450-Create-a-Puzzle-using-Puzzle-Maker Create a Puzzle using Puzzle Maker	glowforge.com	51	1	more_vert
					
95 80 arrow_downward	=IMAGE("https://apps.apple.com/us/app/photo-to-jigsaw-puzzle/id589679681 Photo To Jigsaw Puzzle 4+ - App Store")	apple.com x2	71	1	more_vert
					
96 19 arrow_downward	https://www.figma.com/community/plugin/1208535579493513112/puzzle-cutter Puzzle cutter	figma.com	57	1	more_vert
					
97 43 arrow_downward	=IMAGE("https://www.sitepoint.com/break-an-image-into-puzzle-pieces-in-photoshop/ Break an Image Into Puzzle Pieces in Photoshop")	sitepoint.com	57	1	more_vert
					
98 9 arrow_downward	https://www.openprints.com/CustomPuzzles Create a Puzzle from a Picture | Custom Puzzle Maker	openprints.com	36	1	more_vert
					
99 3 arrow_downward	https://exchange.adobe.com/apps/cc/104870/jigsaw-puzzle-creator-free Jigsaw Puzzle Creator - Free	adobe.com	66	1	more_vert
					
100 83 arrow_downward	=IMAGE("https://workspace.google.com/marketplace/app/drive_photo_to_jigsaw_puzzle/246265781243 Drive Photo to Jigsaw Puzzle")	google.com x3	70	1	more_vert
					
